<?xml version="1.0" ?>
<swc xmlns="http://www.adobe.com/flash/swccatalog/9">
    <versions>
        <swc version="1.2"/>
        <compiler name="ActionScript Compiler" version="2.0.0" build="354204"/>
    </versions>
    <features>
        <feature-script-deps/>
    </features>
    <libraries>
        <library path="library.swf">
            <script name="cc/minos/codec/Codec" mod="1494148125763">
                <def id="cc.minos.codec:Codec"/>
                <dep id="Boolean" type="s"/>
                <dep id="Number" type="s"/>
                <dep id="Object" type="i"/>
                <dep id="String" type="s"/>
                <dep id="__AS3__.vec:Vector" type="s"/>
                <dep id="cc.minos.codec:ICodec" type="i"/>
                <dep id="cc.minos.codec:IFrame" type="s"/>
                <dep id="flash.utils:ByteArray" type="s"/>
                <dep id="int" type="s"/>
                <dep id="uint" type="s"/>
            </script>
            <script name="cc/minos/codec/ICodec" mod="1494148125764">
                <def id="cc.minos.codec:ICodec"/>
                <dep id="Boolean" type="s"/>
                <dep id="Number" type="s"/>
                <dep id="Object" type="i"/>
                <dep id="String" type="s"/>
                <dep id="__AS3__.vec:Vector" type="s"/>
                <dep id="cc.minos.codec:IFrame" type="s"/>
                <dep id="flash.utils:ByteArray" type="s"/>
                <dep id="uint" type="s"/>
            </script>
            <script name="cc/minos/codec/IFrame" mod="1494148125766">
                <def id="cc.minos.codec:IFrame"/>
                <dep id="Number" type="s"/>
                <dep id="Object" type="i"/>
                <dep id="uint" type="s"/>
            </script>
            <script name="cc/minos/codec/flv/Flv" mod="1494148125767">
                <def id="cc.minos.codec.flv:Flv"/>
                <dep id="Object" type="i"/>
                <dep id="uint" type="s"/>
            </script>
            <script name="cc/minos/codec/flv/FlvCodec" mod="1494148125768">
                <def id="cc.minos.codec.flv:FlvCodec"/>
                <dep id="Array" type="s"/>
                <dep id="Boolean" type="s"/>
                <dep id="Error" type="e"/>
                <dep id="Number" type="s"/>
                <dep id="String" type="s"/>
                <dep id="__AS3__.vec:Vector" type="e"/>
                <dep id="cc.minos.codec:Codec" type="i"/>
                <dep id="cc.minos.codec:ICodec" type="s"/>
                <dep id="cc.minos.codec:IFrame" type="e"/>
                <dep id="cc.minos.codec.flv:Flv" type="e"/>
                <dep id="cc.minos.codec.flv:FlvFrame" type="e"/>
                <dep id="flash.utils:ByteArray" type="s"/>
                <dep id="int" type="e"/>
                <dep id="parseFloat" type="e"/>
                <dep id="trace" type="e"/>
                <dep id="uint" type="s"/>
            </script>
            <script name="cc/minos/codec/flv/FlvFrame" mod="1494148125769">
                <def id="cc.minos.codec.flv:FlvFrame"/>
                <dep id="Number" type="s"/>
                <dep id="Object" type="i"/>
                <dep id="cc.minos.codec:IFrame" type="i"/>
                <dep id="uint" type="s"/>
            </script>
            <script name="cc/minos/codec/matroska/Matroska" mod="1494148125772">
                <def id="cc.minos.codec.matroska:Matroska"/>
                <dep id="Object" type="i"/>
                <dep id="uint" type="s"/>
            </script>
            <script name="cc/minos/codec/matroska/MatroskaCodec" mod="1494148125781">
                <def id="cc.minos.codec.matroska:MatroskaCodec"/>
                <dep id="cc.minos.codec:Codec" type="i"/>
                <dep id="cc.minos.codec:ICodec" type="s"/>
                <dep id="cc.minos.codec.matroska.elements:MatroskaElement" type="e"/>
                <dep id="flash.utils:ByteArray" type="s"/>
            </script>
            <script name="cc/minos/codec/matroska/elements/AudioTrack" mod="1494148125782">
                <def id="cc.minos.codec.matroska.elements:AudioTrack"/>
                <dep id="cc.minos.codec.matroska:Matroska" type="e"/>
                <dep id="cc.minos.codec.matroska.elements:Element" type="i"/>
                <dep id="cc.minos.codec.matroska.elements:VarElement" type="e"/>
                <dep id="trace" type="e"/>
                <dep id="uint" type="s"/>
            </script>
            <script name="cc/minos/codec/matroska/elements/Cluster" mod="1494148125784">
                <def id="cc.minos.codec.matroska.elements:Cluster"/>
                <dep id="cc.minos.codec.matroska:Matroska" type="e"/>
                <dep id="cc.minos.codec.matroska.elements:Element" type="i"/>
                <dep id="cc.minos.codec.matroska.elements:VarElement" type="e"/>
                <dep id="uint" type="s"/>
            </script>
            <script name="cc/minos/codec/matroska/elements/ContentEncoding" mod="1494148125785">
                <def id="cc.minos.codec.matroska.elements:ContentEncoding"/>
                <dep id="cc.minos.codec.matroska:Matroska" type="e"/>
                <dep id="cc.minos.codec.matroska.elements:Element" type="i"/>
                <dep id="cc.minos.codec.matroska.elements:VarElement" type="e"/>
                <dep id="uint" type="s"/>
            </script>
            <script name="cc/minos/codec/matroska/elements/ContentEncodings" mod="1494148125787">
                <def id="cc.minos.codec.matroska.elements:ContentEncodings"/>
                <dep id="cc.minos.codec.matroska:Matroska" type="e"/>
                <dep id="cc.minos.codec.matroska.elements:ContentEncoding" type="e"/>
                <dep id="cc.minos.codec.matroska.elements:Element" type="i"/>
                <dep id="uint" type="s"/>
            </script>
            <script name="cc/minos/codec/matroska/elements/CuePoint" mod="1494148125788">
                <def id="cc.minos.codec.matroska.elements:CuePoint"/>
                <dep id="cc.minos.codec.matroska:Matroska" type="e"/>
                <dep id="cc.minos.codec.matroska.elements:Element" type="i"/>
                <dep id="cc.minos.codec.matroska.elements:VarElement" type="e"/>
                <dep id="uint" type="s"/>
            </script>
            <script name="cc/minos/codec/matroska/elements/Cues" mod="1494148125790">
                <def id="cc.minos.codec.matroska.elements:Cues"/>
                <dep id="cc.minos.codec.matroska:Matroska" type="e"/>
                <dep id="cc.minos.codec.matroska.elements:CuePoint" type="e"/>
                <dep id="cc.minos.codec.matroska.elements:Element" type="i"/>
                <dep id="trace" type="e"/>
                <dep id="uint" type="s"/>
            </script>
            <script name="cc/minos/codec/matroska/elements/EbmlHeader" mod="1494148125792">
                <def id="cc.minos.codec.matroska.elements:EbmlHeader"/>
                <dep id="cc.minos.codec.matroska:Matroska" type="e"/>
                <dep id="cc.minos.codec.matroska.elements:Element" type="i"/>
                <dep id="cc.minos.codec.matroska.elements:VarElement" type="e"/>
                <dep id="trace" type="e"/>
                <dep id="uint" type="s"/>
            </script>
            <script name="cc/minos/codec/matroska/elements/Element" mod="1494148125794">
                <def id="cc.minos.codec.matroska.elements:Element"/>
                <dep id="Array" type="s"/>
                <dep id="Number" type="s"/>
                <dep id="Object" type="i"/>
                <dep id="String" type="s"/>
                <dep id="__AS3__.vec:Vector" type="s"/>
                <dep id="cc.minos.codec.matroska:Matroska" type="e"/>
                <dep id="cc.minos.codec.matroska.elements:GlobalElement" type="e"/>
                <dep id="com.hurlant.math:BigInteger" type="e"/>
                <dep id="flash.utils:ByteArray" type="s"/>
                <dep id="int" type="s"/>
                <dep id="parseInt" type="e"/>
                <dep id="trace" type="e"/>
                <dep id="uint" type="s"/>
            </script>
            <script name="cc/minos/codec/matroska/elements/GlobalElement" mod="1494148125796">
                <def id="cc.minos.codec.matroska.elements:GlobalElement"/>
                <dep id="cc.minos.codec.matroska.elements:Element" type="i"/>
                <dep id="flash.utils:ByteArray" type="s"/>
                <dep id="uint" type="s"/>
            </script>
            <script name="cc/minos/codec/matroska/elements/MatroskaElement" mod="1494148125797">
                <def id="cc.minos.codec.matroska.elements:MatroskaElement"/>
                <dep id="cc.minos.codec.matroska:Matroska" type="e"/>
                <dep id="cc.minos.codec.matroska.elements:EbmlHeader" type="e"/>
                <dep id="cc.minos.codec.matroska.elements:Element" type="i"/>
                <dep id="cc.minos.codec.matroska.elements:Segment" type="e"/>
                <dep id="uint" type="s"/>
            </script>
            <script name="cc/minos/codec/matroska/elements/Seek" mod="1494148125799">
                <def id="cc.minos.codec.matroska.elements:Seek"/>
                <dep id="cc.minos.codec.matroska:Matroska" type="e"/>
                <dep id="cc.minos.codec.matroska.elements:Element" type="i"/>
                <dep id="cc.minos.codec.matroska.elements:VarElement" type="e"/>
                <dep id="uint" type="s"/>
            </script>
            <script name="cc/minos/codec/matroska/elements/SeekHead" mod="1494148125800">
                <def id="cc.minos.codec.matroska.elements:SeekHead"/>
                <dep id="cc.minos.codec.matroska:Matroska" type="e"/>
                <dep id="cc.minos.codec.matroska.elements:Element" type="i"/>
                <dep id="cc.minos.codec.matroska.elements:Seek" type="e"/>
                <dep id="uint" type="s"/>
            </script>
            <script name="cc/minos/codec/matroska/elements/Segment" mod="1494148125801">
                <def id="cc.minos.codec.matroska.elements:Segment"/>
                <dep id="cc.minos.codec.matroska:Matroska" type="e"/>
                <dep id="cc.minos.codec.matroska.elements:Cluster" type="e"/>
                <dep id="cc.minos.codec.matroska.elements:Cues" type="e"/>
                <dep id="cc.minos.codec.matroska.elements:Element" type="i"/>
                <dep id="cc.minos.codec.matroska.elements:SeekHead" type="e"/>
                <dep id="cc.minos.codec.matroska.elements:SegmentInfo" type="e"/>
                <dep id="cc.minos.codec.matroska.elements:SegmentTracks" type="e"/>
                <dep id="trace" type="e"/>
                <dep id="uint" type="s"/>
            </script>
            <script name="cc/minos/codec/matroska/elements/SegmentInfo" mod="1494148125803">
                <def id="cc.minos.codec.matroska.elements:SegmentInfo"/>
                <dep id="Number" type="s"/>
                <dep id="cc.minos.codec.matroska:Matroska" type="e"/>
                <dep id="cc.minos.codec.matroska.elements:Element" type="i"/>
                <dep id="cc.minos.codec.matroska.elements:VarElement" type="e"/>
                <dep id="int" type="e"/>
                <dep id="trace" type="e"/>
                <dep id="uint" type="s"/>
            </script>
            <script name="cc/minos/codec/matroska/elements/SegmentTracks" mod="1494148125806">
                <def id="cc.minos.codec.matroska.elements:SegmentTracks"/>
                <dep id="cc.minos.codec.matroska:Matroska" type="e"/>
                <dep id="cc.minos.codec.matroska.elements:Element" type="i"/>
                <dep id="cc.minos.codec.matroska.elements:TrackEntry" type="e"/>
                <dep id="trace" type="e"/>
                <dep id="uint" type="s"/>
            </script>
            <script name="cc/minos/codec/matroska/elements/TrackEntry" mod="1494148125817">
                <def id="cc.minos.codec.matroska.elements:TrackEntry"/>
                <dep id="cc.minos.codec.matroska:Matroska" type="e"/>
                <dep id="cc.minos.codec.matroska.elements:AudioTrack" type="e"/>
                <dep id="cc.minos.codec.matroska.elements:ContentEncodings" type="e"/>
                <dep id="cc.minos.codec.matroska.elements:Element" type="i"/>
                <dep id="cc.minos.codec.matroska.elements:VarElement" type="e"/>
                <dep id="cc.minos.codec.matroska.elements:VideoTrack" type="e"/>
                <dep id="int" type="e"/>
                <dep id="trace" type="e"/>
                <dep id="uint" type="s"/>
            </script>
            <script name="cc/minos/codec/matroska/elements/VarElement" mod="1494148125819">
                <def id="cc.minos.codec.matroska.elements:VarElement"/>
                <dep id="__AS3__.vec:Vector" type="e"/>
                <dep id="cc.minos.codec.matroska.elements:Element" type="i"/>
                <dep id="flash.utils:ByteArray" type="s"/>
                <dep id="uint" type="s"/>
            </script>
            <script name="cc/minos/codec/matroska/elements/VideoTrack" mod="1494148125820">
                <def id="cc.minos.codec.matroska.elements:VideoTrack"/>
                <dep id="cc.minos.codec.matroska:Matroska" type="e"/>
                <dep id="cc.minos.codec.matroska.elements:Element" type="i"/>
                <dep id="cc.minos.codec.matroska.elements:VarElement" type="e"/>
                <dep id="trace" type="e"/>
                <dep id="uint" type="s"/>
            </script>
            <script name="cc/minos/codec/mov/IMp4Frame" mod="1494148125822">
                <def id="cc.minos.codec.mov:IMp4Frame"/>
                <dep id="Object" type="i"/>
                <dep id="uint" type="s"/>
            </script>
            <script name="cc/minos/codec/mov/Mp4" mod="1494148125824">
                <def id="cc.minos.codec.mov:Mp4"/>
                <dep id="Number" type="s"/>
                <dep id="Object" type="i"/>
                <dep id="cc.minos.codec.mov.boxs:Box" type="s"/>
                <dep id="cc.minos.codec.mov.boxs:FtypBox" type="e"/>
                <dep id="cc.minos.codec.mov.boxs:HdlrBox" type="e"/>
                <dep id="cc.minos.codec.mov.boxs:MdatBox" type="e"/>
                <dep id="cc.minos.codec.mov.boxs:MdhdBox" type="e"/>
                <dep id="cc.minos.codec.mov.boxs:MoovBox" type="e"/>
                <dep id="cc.minos.codec.mov.boxs:MvhdBox" type="e"/>
                <dep id="cc.minos.codec.mov.boxs:StblBox" type="e"/>
                <dep id="cc.minos.codec.mov.boxs:StcoBox" type="e"/>
                <dep id="cc.minos.codec.mov.boxs:StscBox" type="e"/>
                <dep id="cc.minos.codec.mov.boxs:StsdBox" type="e"/>
                <dep id="cc.minos.codec.mov.boxs:StssBox" type="e"/>
                <dep id="cc.minos.codec.mov.boxs:StszBox" type="e"/>
                <dep id="cc.minos.codec.mov.boxs:SttsBox" type="e"/>
                <dep id="cc.minos.codec.mov.boxs:TkhdBox" type="e"/>
                <dep id="cc.minos.codec.mov.boxs:TrakBox" type="e"/>
                <dep id="trace" type="e"/>
                <dep id="uint" type="s"/>
            </script>
            <script name="cc/minos/codec/mov/Mp4Codec" mod="1494148125826">
                <def id="cc.minos.codec.mov:Mp4Codec"/>
                <dep id="Array" type="s"/>
                <dep id="Boolean" type="s"/>
                <dep id="Error" type="e"/>
                <dep id="Function" type="s"/>
                <dep id="Object" type="s"/>
                <dep id="__AS3__.vec:Vector" type="s"/>
                <dep id="cc.minos.codec:Codec" type="i"/>
                <dep id="cc.minos.codec:ICodec" type="s"/>
                <dep id="cc.minos.codec:IFrame" type="e"/>
                <dep id="cc.minos.codec.mov:Mp4" type="e"/>
                <dep id="cc.minos.codec.mov:Sample" type="s"/>
                <dep id="cc.minos.codec.mov.boxs:MoovBox" type="s"/>
                <dep id="cc.minos.codec.mov.boxs:TrakBox" type="e"/>
                <dep id="flash.utils:ByteArray" type="s"/>
                <dep id="int" type="s"/>
                <dep id="uint" type="e"/>
            </script>
            <script name="cc/minos/codec/mov/Sample" mod="1494148125827">
                <def id="cc.minos.codec.mov:Sample"/>
                <dep id="Number" type="s"/>
                <dep id="Object" type="i"/>
                <dep id="cc.minos.codec:IFrame" type="i"/>
                <dep id="cc.minos.codec.mov:IMp4Frame" type="i"/>
                <dep id="uint" type="s"/>
            </script>
            <script name="cc/minos/codec/mov/boxs/AvccBox" mod="1494148125829">
                <def id="cc.minos.codec.mov.boxs:AvccBox"/>
                <dep id="cc.minos.codec.mov:Mp4" type="e"/>
                <dep id="cc.minos.codec.mov.boxs:Box" type="i"/>
                <dep id="flash.utils:ByteArray" type="s"/>
                <dep id="trace" type="e"/>
                <dep id="uint" type="e"/>
            </script>
            <script name="cc/minos/codec/mov/boxs/Box" mod="1494148125831">
                <def id="cc.minos.codec.mov.boxs:Box"/>
                <dep id="Object" type="i"/>
                <dep id="String" type="s"/>
                <dep id="__AS3__.vec:Vector" type="s"/>
                <dep id="cc.minos.codec.mov:Mp4" type="e"/>
                <dep id="cc.minos.codec.utils:ByteArrayUtil" type="e"/>
                <dep id="flash.utils:ByteArray" type="s"/>
                <dep id="int" type="e"/>
                <dep id="parseInt" type="e"/>
                <dep id="uint" type="s"/>
            </script>
            <script name="cc/minos/codec/mov/boxs/EsdsBox" mod="1494148125832">
                <def id="cc.minos.codec.mov.boxs:EsdsBox"/>
                <dep id="cc.minos.codec.mov:Mp4" type="e"/>
                <dep id="cc.minos.codec.mov.boxs:Box" type="i"/>
                <dep id="flash.utils:ByteArray" type="s"/>
                <dep id="trace" type="e"/>
                <dep id="uint" type="e"/>
            </script>
            <script name="cc/minos/codec/mov/boxs/F4vBox" mod="1494148125834">
                <def id="cc.minos.codec.mov.boxs:F4vBox"/>
                <dep id="Array" type="s"/>
                <dep id="Boolean" type="s"/>
                <dep id="Function" type="s"/>
                <dep id="Number" type="s"/>
                <dep id="Object" type="s"/>
                <dep id="__AS3__.vec:Vector" type="s"/>
                <dep id="cc.minos.codec.mov:Mp4" type="e"/>
                <dep id="cc.minos.codec.mov:Sample" type="s"/>
                <dep id="cc.minos.codec.mov.boxs:Box" type="i"/>
                <dep id="cc.minos.codec.mov.boxs:FtypBox" type="s"/>
                <dep id="cc.minos.codec.mov.boxs:MoovBox" type="s"/>
                <dep id="cc.minos.codec.mov.boxs:TrakBox" type="e"/>
                <dep id="flash.utils:ByteArray" type="s"/>
                <dep id="int" type="s"/>
                <dep id="uint" type="s"/>
            </script>
            <script name="cc/minos/codec/mov/boxs/FtypBox" mod="1494148125835">
                <def id="cc.minos.codec.mov.boxs:FtypBox"/>
                <dep id="Array" type="s"/>
                <dep id="String" type="s"/>
                <dep id="cc.minos.codec.mov:Mp4" type="e"/>
                <dep id="cc.minos.codec.mov.boxs:Box" type="i"/>
                <dep id="trace" type="e"/>
                <dep id="uint" type="s"/>
            </script>
            <script name="cc/minos/codec/mov/boxs/HdlrBox" mod="1494148125838">
                <def id="cc.minos.codec.mov.boxs:HdlrBox"/>
                <dep id="cc.minos.codec.mov:Mp4" type="e"/>
                <dep id="cc.minos.codec.mov.boxs:Box" type="i"/>
                <dep id="uint" type="s"/>
            </script>
            <script name="cc/minos/codec/mov/boxs/MdatBox" mod="1494148125846">
                <def id="cc.minos.codec.mov.boxs:MdatBox"/>
                <dep id="cc.minos.codec.mov:Mp4" type="e"/>
                <dep id="cc.minos.codec.mov.boxs:Box" type="i"/>
            </script>
            <script name="cc/minos/codec/mov/boxs/MdhdBox" mod="1494148125848">
                <def id="cc.minos.codec.mov.boxs:MdhdBox"/>
                <dep id="cc.minos.codec.mov:Mp4" type="e"/>
                <dep id="cc.minos.codec.mov.boxs:Box" type="i"/>
                <dep id="trace" type="e"/>
                <dep id="uint" type="s"/>
            </script>
            <script name="cc/minos/codec/mov/boxs/MoovBox" mod="1494148125849">
                <def id="cc.minos.codec.mov.boxs:MoovBox"/>
                <dep id="__AS3__.vec:Vector" type="s"/>
                <dep id="cc.minos.codec.mov:Mp4" type="e"/>
                <dep id="cc.minos.codec.mov.boxs:Box" type="i"/>
                <dep id="cc.minos.codec.mov.boxs:MvhdBox" type="s"/>
                <dep id="trace" type="e"/>
            </script>
            <script name="cc/minos/codec/mov/boxs/MvhdBox" mod="1494148125850">
                <def id="cc.minos.codec.mov.boxs:MvhdBox"/>
                <dep id="Number" type="s"/>
                <dep id="cc.minos.codec.mov:Mp4" type="e"/>
                <dep id="cc.minos.codec.mov.boxs:Box" type="i"/>
                <dep id="uint" type="s"/>
            </script>
            <script name="cc/minos/codec/mov/boxs/StblBox" mod="1494148125852">
                <def id="cc.minos.codec.mov.boxs:StblBox"/>
                <dep id="Boolean" type="s"/>
                <dep id="Error" type="s"/>
                <dep id="Object" type="e"/>
                <dep id="__AS3__.vec:Vector" type="s"/>
                <dep id="cc.minos.codec.flv:Flv" type="e"/>
                <dep id="cc.minos.codec.mov:Mp4" type="e"/>
                <dep id="cc.minos.codec.mov:Sample" type="s"/>
                <dep id="cc.minos.codec.mov.boxs:Box" type="i"/>
                <dep id="cc.minos.codec.mov.boxs:StcoBox" type="e"/>
                <dep id="cc.minos.codec.mov.boxs:StscBox" type="e"/>
                <dep id="cc.minos.codec.mov.boxs:StsdBox" type="s"/>
                <dep id="cc.minos.codec.mov.boxs:StssBox" type="s"/>
                <dep id="cc.minos.codec.mov.boxs:StszBox" type="e"/>
                <dep id="cc.minos.codec.mov.boxs:SttsBox" type="s"/>
                <dep id="int" type="e"/>
                <dep id="trace" type="e"/>
                <dep id="uint" type="e"/>
            </script>
            <script name="cc/minos/codec/mov/boxs/StcoBox" mod="1494148125854">
                <def id="cc.minos.codec.mov.boxs:StcoBox"/>
                <dep id="__AS3__.vec:Vector" type="s"/>
                <dep id="cc.minos.codec.mov:Mp4" type="e"/>
                <dep id="cc.minos.codec.mov.boxs:Box" type="i"/>
                <dep id="int" type="e"/>
                <dep id="uint" type="s"/>
            </script>
            <script name="cc/minos/codec/mov/boxs/StscBox" mod="1494148125856">
                <def id="cc.minos.codec.mov.boxs:StscBox"/>
                <dep id="Object" type="s"/>
                <dep id="__AS3__.vec:Vector" type="s"/>
                <dep id="cc.minos.codec.mov:Mp4" type="e"/>
                <dep id="cc.minos.codec.mov.boxs:Box" type="i"/>
                <dep id="int" type="e"/>
                <dep id="uint" type="s"/>
            </script>
            <script name="cc/minos/codec/mov/boxs/StsdBox" mod="1494148125857">
                <def id="cc.minos.codec.mov.boxs:StsdBox"/>
                <dep id="Number" type="s"/>
                <dep id="cc.minos.codec.mov:Mp4" type="e"/>
                <dep id="cc.minos.codec.mov.boxs:Box" type="i"/>
                <dep id="flash.utils:ByteArray" type="s"/>
                <dep id="trace" type="e"/>
                <dep id="uint" type="s"/>
            </script>
            <script name="cc/minos/codec/mov/boxs/StssBox" mod="1494148125859">
                <def id="cc.minos.codec.mov.boxs:StssBox"/>
                <dep id="__AS3__.vec:Vector" type="s"/>
                <dep id="cc.minos.codec.mov:Mp4" type="e"/>
                <dep id="cc.minos.codec.mov.boxs:Box" type="i"/>
                <dep id="int" type="e"/>
                <dep id="uint" type="s"/>
            </script>
            <script name="cc/minos/codec/mov/boxs/StszBox" mod="1494148125860">
                <def id="cc.minos.codec.mov.boxs:StszBox"/>
                <dep id="__AS3__.vec:Vector" type="s"/>
                <dep id="cc.minos.codec.mov:Mp4" type="e"/>
                <dep id="cc.minos.codec.mov.boxs:Box" type="i"/>
                <dep id="int" type="e"/>
                <dep id="uint" type="s"/>
            </script>
            <script name="cc/minos/codec/mov/boxs/SttsBox" mod="1494148125862">
                <def id="cc.minos.codec.mov.boxs:SttsBox"/>
                <dep id="cc.minos.codec.mov:Mp4" type="e"/>
                <dep id="cc.minos.codec.mov.boxs:Box" type="i"/>
                <dep id="trace" type="e"/>
                <dep id="uint" type="s"/>
            </script>
            <script name="cc/minos/codec/mov/boxs/TkhdBox" mod="1494148125863">
                <def id="cc.minos.codec.mov.boxs:TkhdBox"/>
                <dep id="Date" type="e"/>
                <dep id="cc.minos.codec.mov:Mp4" type="e"/>
                <dep id="cc.minos.codec.mov.boxs:Box" type="i"/>
                <dep id="cc.minos.codec.utils:SimpleDateFormatter" type="e"/>
                <dep id="int" type="s"/>
                <dep id="trace" type="e"/>
                <dep id="uint" type="s"/>
            </script>
            <script name="cc/minos/codec/mov/boxs/TrakBox" mod="1494148125864">
                <def id="cc.minos.codec.mov.boxs:TrakBox"/>
                <dep id="Number" type="s"/>
                <dep id="__AS3__.vec:Vector" type="s"/>
                <dep id="cc.minos.codec.mov:Mp4" type="e"/>
                <dep id="cc.minos.codec.mov:Sample" type="s"/>
                <dep id="cc.minos.codec.mov.boxs:Box" type="i"/>
                <dep id="cc.minos.codec.mov.boxs:HdlrBox" type="s"/>
                <dep id="cc.minos.codec.mov.boxs:MdhdBox" type="s"/>
                <dep id="cc.minos.codec.mov.boxs:StblBox" type="s"/>
                <dep id="cc.minos.codec.mov.boxs:StsdBox" type="s"/>
                <dep id="cc.minos.codec.mov.boxs:TkhdBox" type="s"/>
                <dep id="uint" type="s"/>
            </script>
            <script name="cc/minos/codec/utils/ByteArrayUtil" mod="1494148125866">
                <def id="cc.minos.codec.utils:ByteArrayUtil"/>
                <dep id="Boolean" type="s"/>
                <dep id="Object" type="i"/>
                <dep id="flash.utils:ByteArray" type="s"/>
                <dep id="int" type="s"/>
            </script>
            <script name="cc/minos/codec/utils/SimpleDateFormatter" mod="1494148125883">
                <def id="cc.minos.codec.utils:SimpleDateFormatter"/>
                <dep id="Array" type="e"/>
                <dep id="Boolean" type="s"/>
                <dep id="Date" type="s"/>
                <dep id="NaN" type="e"/>
                <dep id="Number" type="s"/>
                <dep id="Object" type="i"/>
                <dep id="String" type="s"/>
                <dep id="int" type="s"/>
            </script>
            <script name="com/FlasCC/ISpecialFile" mod="1494148125886">
                <def id="com.FlasCC:ISpecialFile"/>
                <dep id="Object" type="i"/>
            </script>
            <script name="com/adobe/utils/AGALMiniAssembler" mod="1494148125888">
                <def id="com.adobe.utils:AGALMiniAssembler"/>
                <dep id="Array" type="e"/>
                <dep id="Boolean" type="s"/>
                <dep id="Number" type="e"/>
                <dep id="Object" type="i"/>
                <dep id="RegExp" type="s"/>
                <dep id="String" type="s"/>
                <dep id="flash.display3D:Context3D" type="s"/>
                <dep id="flash.display3D:Program3D" type="e"/>
                <dep id="flash.utils:ByteArray" type="s"/>
                <dep id="flash.utils:Dictionary" type="e"/>
                <dep id="flash.utils:Endian" type="e"/>
                <dep id="flash.utils:getTimer" type="e"/>
                <dep id="int" type="s"/>
                <dep id="trace" type="e"/>
                <dep id="uint" type="s"/>
            </script>
            <script name="com/hurlant/crypto/prng/ARC4" mod="1494148125915">
                <def id="com.hurlant.crypto.prng:ARC4"/>
                <dep id="Math" type="e"/>
                <dep id="Object" type="i"/>
                <dep id="String" type="s"/>
                <dep id="com.hurlant.crypto.prng:IPRNG" type="i"/>
                <dep id="com.hurlant.crypto.symmetric:IStreamCipher" type="i"/>
                <dep id="com.hurlant.util:Memory" type="e"/>
                <dep id="flash.utils:ByteArray" type="s"/>
                <dep id="int" type="s"/>
                <dep id="uint" type="s"/>
            </script>
            <script name="com/hurlant/crypto/prng/IPRNG" mod="1494148125923">
                <def id="com.hurlant.crypto.prng:IPRNG"/>
                <dep id="Object" type="i"/>
                <dep id="String" type="s"/>
                <dep id="flash.utils:ByteArray" type="s"/>
                <dep id="uint" type="s"/>
            </script>
            <script name="com/hurlant/crypto/prng/Random" mod="1494148125925">
                <def id="com.hurlant.crypto.prng:Random"/>
                <dep id="Array" type="e"/>
                <dep id="Boolean" type="s"/>
                <dep id="Class" type="s"/>
                <dep id="Date" type="e"/>
                <dep id="Math" type="e"/>
                <dep id="Object" type="i"/>
                <dep id="String" type="s"/>
                <dep id="com.hurlant.crypto.prng:ARC4" type="e"/>
                <dep id="com.hurlant.crypto.prng:IPRNG" type="s"/>
                <dep id="com.hurlant.util:Memory" type="e"/>
                <dep id="flash.system:Capabilities" type="e"/>
                <dep id="flash.system:System" type="e"/>
                <dep id="flash.text:Font" type="e"/>
                <dep id="flash.utils:ByteArray" type="s"/>
                <dep id="flash.utils:getTimer" type="e"/>
                <dep id="int" type="s"/>
                <dep id="uint" type="e"/>
            </script>
            <script name="com/hurlant/crypto/symmetric/ICipher" mod="1494148125946">
                <def id="com.hurlant.crypto.symmetric:ICipher"/>
                <dep id="Object" type="i"/>
                <dep id="String" type="s"/>
                <dep id="flash.utils:ByteArray" type="s"/>
                <dep id="uint" type="s"/>
            </script>
            <script name="com/hurlant/crypto/symmetric/IStreamCipher" mod="1494148125954">
                <def id="com.hurlant.crypto.symmetric:IStreamCipher"/>
                <dep id="com.hurlant.crypto.symmetric:ICipher" type="i"/>
            </script>
            <script name="com/hurlant/math/BarrettReduction" mod="1494148126064">
                <def id="com.hurlant.math:BarrettReduction"/>
                <dep id="Object" type="i"/>
                <dep id="com.hurlant.math:BigInteger" type="s"/>
                <dep id="com.hurlant.math:IReduction" type="i"/>
                <dep id="com.hurlant.math:bi_internal" type="n"/>
            </script>
            <script name="com/hurlant/math/BigInteger" mod="1494148126066">
                <def id="com.hurlant.math:BigInteger"/>
                <dep id="Array" type="s"/>
                <dep id="Boolean" type="e"/>
                <dep id="Error" type="e"/>
                <dep id="Function" type="s"/>
                <dep id="Math" type="e"/>
                <dep id="Number" type="s"/>
                <dep id="Object" type="i"/>
                <dep id="String" type="s"/>
                <dep id="com.hurlant.crypto.prng:Random" type="e"/>
                <dep id="com.hurlant.math:BarrettReduction" type="e"/>
                <dep id="com.hurlant.math:ClassicReduction" type="e"/>
                <dep id="com.hurlant.math:IReduction" type="e"/>
                <dep id="com.hurlant.math:MontgomeryReduction" type="e"/>
                <dep id="com.hurlant.math:NullReduction" type="e"/>
                <dep id="com.hurlant.math:bi_internal" type="n"/>
                <dep id="com.hurlant.util:Hex" type="e"/>
                <dep id="com.hurlant.util:Memory" type="e"/>
                <dep id="flash.utils:ByteArray" type="s"/>
                <dep id="int" type="s"/>
                <dep id="parseInt" type="e"/>
                <dep id="uint" type="e"/>
            </script>
            <script name="com/hurlant/math/ClassicReduction" mod="1494148126067">
                <def id="com.hurlant.math:ClassicReduction"/>
                <dep id="Object" type="i"/>
                <dep id="com.hurlant.math:BigInteger" type="s"/>
                <dep id="com.hurlant.math:IReduction" type="i"/>
                <dep id="com.hurlant.math:bi_internal" type="n"/>
            </script>
            <script name="com/hurlant/math/IReduction" mod="1494148126068">
                <def id="com.hurlant.math:IReduction"/>
                <dep id="Object" type="i"/>
                <dep id="com.hurlant.math:BigInteger" type="s"/>
            </script>
            <script name="com/hurlant/math/MontgomeryReduction" mod="1494148126069">
                <def id="com.hurlant.math:MontgomeryReduction"/>
                <dep id="Object" type="i"/>
                <dep id="com.hurlant.math:BigInteger" type="s"/>
                <dep id="com.hurlant.math:IReduction" type="i"/>
                <dep id="com.hurlant.math:bi_internal" type="n"/>
                <dep id="int" type="s"/>
            </script>
            <script name="com/hurlant/math/NullReduction" mod="1494148126072">
                <def id="com.hurlant.math:NullReduction"/>
                <dep id="Object" type="i"/>
                <dep id="com.hurlant.math:BigInteger" type="s"/>
                <dep id="com.hurlant.math:IReduction" type="i"/>
                <dep id="com.hurlant.math:bi_internal" type="n"/>
            </script>
            <script name="com/hurlant/math/bi_internal" mod="1494148126082">
                <def id="com.hurlant.math:bi_internal"/>
            </script>
            <script name="com/hurlant/util/Hex" mod="1494148126091">
                <def id="com.hurlant.util:Hex"/>
                <dep id="Boolean" type="s"/>
                <dep id="Object" type="i"/>
                <dep id="String" type="s"/>
                <dep id="flash.utils:ByteArray" type="s"/>
                <dep id="parseInt" type="e"/>
                <dep id="uint" type="e"/>
            </script>
            <script name="com/hurlant/util/Memory" mod="1494148126092">
                <def id="com.hurlant.util:Memory"/>
                <dep id="Object" type="i"/>
                <dep id="flash.net:LocalConnection" type="e"/>
                <dep id="flash.system:System" type="e"/>
                <dep id="uint" type="s"/>
            </script>
            <script name="com/rainbowcreatures/FLVByteArrayPlayer" mod="1494148126119">
                <def id="com.rainbowcreatures:FLVByteArrayPlayer"/>
                <dep id="Array" type="s"/>
                <dep id="Function" type="s"/>
                <dep id="cc.minos.codec.flv:FlvCodec" type="e"/>
                <dep id="cc.minos.codec.mov:Mp4Codec" type="e"/>
                <dep id="flash.display:Sprite" type="i"/>
                <dep id="flash.events:NetStatusEvent" type="e"/>
                <dep id="flash.media:Video" type="s"/>
                <dep id="flash.net:NetConnection" type="s"/>
                <dep id="flash.net:NetStream" type="s"/>
                <dep id="flash.net:NetStreamAppendBytesAction" type="e"/>
                <dep id="flash.utils:ByteArray" type="s"/>
                <dep id="int" type="s"/>
            </script>
            <script name="com/rainbowcreatures/FWVideoEncoder" mod="1514055257897">
                <def id="com.rainbowcreatures:FWVideoEncoder"/>
                <dep id="Array" type="e"/>
                <dep id="Boolean" type="s"/>
                <dep id="Class" type="s"/>
                <dep id="Error" type="e"/>
                <dep id="Function" type="s"/>
                <dep id="Math" type="e"/>
                <dep id="Namespace" type="e"/>
                <dep id="Number" type="s"/>
                <dep id="String" type="s"/>
                <dep id="XML" type="e"/>
                <dep id="com.FlasCC:ISpecialFile" type="i"/>
                <dep id="com.rainbowcreatures:MP4Player" type="e"/>
                <dep id="flash.desktop:NativeApplication" type="e"/>
                <dep id="flash.display:Bitmap" type="e"/>
                <dep id="flash.display:BitmapData" type="s"/>
                <dep id="flash.display:DisplayObject" type="e"/>
                <dep id="flash.display:MovieClip" type="i"/>
                <dep id="flash.display:Sprite" type="s"/>
                <dep id="flash.display3D:Context3D" type="s"/>
                <dep id="flash.events:Event" type="e"/>
                <dep id="flash.events:PermissionEvent" type="e"/>
                <dep id="flash.events:SampleDataEvent" type="e"/>
                <dep id="flash.events:StatusEvent" type="e"/>
                <dep id="flash.external:ExtensionContext" type="s"/>
                <dep id="flash.filesystem:File" type="s"/>
                <dep id="flash.filesystem:FileMode" type="e"/>
                <dep id="flash.filesystem:FileStream" type="s"/>
                <dep id="flash.geom:Matrix" type="s"/>
                <dep id="flash.geom:Point" type="s"/>
                <dep id="flash.media:CameraRoll" type="e"/>
                <dep id="flash.media:Microphone" type="s"/>
                <dep id="flash.media:Sound" type="s"/>
                <dep id="flash.media:SoundCodec" type="e"/>
                <dep id="flash.media:Video" type="e"/>
                <dep id="flash.permissions:PermissionStatus" type="e"/>
                <dep id="flash.system:Capabilities" type="e"/>
                <dep id="flash.system:MessageChannel" type="s"/>
                <dep id="flash.system:Worker" type="s"/>
                <dep id="flash.utils:ByteArray" type="s"/>
                <dep id="flash.utils:Endian" type="e"/>
                <dep id="int" type="s"/>
                <dep id="lg_png$a78d7874fdfd8fec223e9bc1518981df2096947598" type="e"/>
                <dep id="trace" type="e"/>
                <dep id="uint" type="e"/>
            </script>
            <script name="com/rainbowcreatures/MP4Player" mod="1494148126126">
                <def id="com.rainbowcreatures:MP4Player"/>
                <dep id="Array" type="s"/>
                <dep id="Error" type="e"/>
                <dep id="Function" type="s"/>
                <dep id="Number" type="s"/>
                <dep id="Object" type="i"/>
                <dep id="String" type="s"/>
                <dep id="com.rainbowcreatures:SpriteBatch3D" type="s"/>
                <dep id="flash.display:Stage" type="s"/>
                <dep id="flash.display:Stage3D" type="s"/>
                <dep id="flash.display3D:Context3D" type="s"/>
                <dep id="flash.display3D.textures:VideoTexture" type="s"/>
                <dep id="flash.events:AsyncErrorEvent" type="e"/>
                <dep id="flash.events:Event" type="e"/>
                <dep id="flash.events:NetStatusEvent" type="e"/>
                <dep id="flash.geom:Rectangle" type="e"/>
                <dep id="flash.media:Video" type="s"/>
                <dep id="flash.net:NetConnection" type="s"/>
                <dep id="flash.net:NetStream" type="s"/>
            </script>
            <script name="com/rainbowcreatures/SpriteBatch3D" mod="1494148126127">
                <def id="com.rainbowcreatures:SpriteBatch3D"/>
                <dep id="ArgumentError" type="e"/>
                <dep id="Math" type="e"/>
                <dep id="Number" type="s"/>
                <dep id="Object" type="i"/>
                <dep id="__AS3__.vec:Vector" type="s"/>
                <dep id="com.adobe.utils:AGALMiniAssembler" type="e"/>
                <dep id="flash.display3D:Context3D" type="s"/>
                <dep id="flash.display3D:Context3DProgramType" type="e"/>
                <dep id="flash.display3D:Context3DVertexBufferFormat" type="e"/>
                <dep id="flash.display3D:IndexBuffer3D" type="s"/>
                <dep id="flash.display3D:Program3D" type="s"/>
                <dep id="flash.display3D:VertexBuffer3D" type="s"/>
                <dep id="flash.display3D.textures:VideoTexture" type="s"/>
                <dep id="flash.geom:Matrix3D" type="s"/>
                <dep id="flash.geom:Point" type="s"/>
                <dep id="flash.geom:Rectangle" type="s"/>
                <dep id="flash.utils:ByteArray" type="s"/>
                <dep id="flash.utils:Endian" type="e"/>
                <dep id="int" type="s"/>
            </script>
            <script name="com/rainbowcreatures/swf/Dummy" mod="1494148126130">
                <def id="com.rainbowcreatures.swf:Dummy"/>
                <dep id="Object" type="i"/>
            </script>
            <script name="lg_png$a78d7874fdfd8fec223e9bc1518981df2096947598" mod="1494148126128">
                <def id="lg_png$a78d7874fdfd8fec223e9bc1518981df2096947598"/>
                <dep id="flash.display:Bitmap" type="i"/>
            </script>
            <digests>
                <digest type="SHA-256" signed="false" value="4760842c82124fed2d11cf5501cabb040e1247767e5f8cc4aafb0c601dfcc579"/>
            </digests>
        </library>
    </libraries>
</swc>