<?xml version="1.0" encoding ="utf-8"?>
<swc xmlns="http://www.adobe.com/flash/swccatalog/9">
  <versions>
    <swc version="1.2" />
    <flex version="4.6.0" build="23201" minimumSupportedVersion="3.0.0" />
  </versions>
  <features>
    <feature-script-deps />
    <feature-files />
  </features>
  <libraries>
    <library path="library.swf">
      <script name="_3462d00bcfea0e24f901ffd427ee5df3f3cab78f3fa5df96093bb6c5197b4adf_flash_display_Sprite" mod="1616968611032" signatureChecksum="1496218931" >
        <def id="_3462d00bcfea0e24f901ffd427ee5df3f3cab78f3fa5df96093bb6c5197b4adf_flash_display_Sprite" /> 
        <dep id="flash.system:Security" type="e" /> 
        <dep id="AS3" type="n" /> 
        <dep id="flash.display:Sprite" type="i" /> 
      </script>
      <script name="com/fi/joniaromaa/adobeair/discordrpc/DiscordRpcEvent" mod="1616968524968" signatureChecksum="850676757" >
        <def id="com.fi.joniaromaa.adobeair.discordrpc:DiscordRpcEvent" /> 
        <dep id="AS3" type="n" /> 
        <dep id="flash.events:Event" type="i" /> 
      </script>
      <script name="com/fi/joniaromaa/adobeair/discordrpc/DiscordRpcJoinGameEvent" mod="1616968524989" signatureChecksum="1375682276" >
        <def id="com.fi.joniaromaa.adobeair.discordrpc:DiscordRpcJoinGameEvent" /> 
        <dep id="AS3" type="n" /> 
        <dep id="com.fi.joniaromaa.adobeair.discordrpc:DiscordRpcEvent" type="i" /> 
      </script>
      <script name="com/fi/joniaromaa/adobeair/discordrpc/DiscordRpc" mod="1616968583944" signatureChecksum="4126785411" >
        <def id="com.fi.joniaromaa.adobeair.discordrpc:DiscordRpc" /> 
        <dep id="com.fi.joniaromaa.adobeair.discordrpc:DiscordRpcJoinRequestEvent" type="e" /> 
        <dep id="com.fi.joniaromaa.adobeair.discordrpc:DiscordRpcJoinGameEvent" type="e" /> 
        <dep id="flash.events:StatusEvent" type="e" /> 
        <dep id="flash.external:ExtensionContext" type="e" /> 
        <dep id="flash.events:StatusEvent" type="s" /> 
        <dep id="flash.external:ExtensionContext" type="s" /> 
        <dep id="AS3" type="n" /> 
        <dep id="flash.events:EventDispatcher" type="i" /> 
      </script>
      <script name="com/fi/joniaromaa/adobeair/discordrpc/DiscordRpcJoinRequestEvent" mod="1616968525013" signatureChecksum="4092740034" >
        <def id="com.fi.joniaromaa.adobeair.discordrpc:DiscordRpcJoinRequestEvent" /> 
        <dep id="AS3" type="n" /> 
        <dep id="com.fi.joniaromaa.adobeair.discordrpc:DiscordRpcEvent" type="i" /> 
      </script>
      <digests>
        <digest type="SHA-256" signed="false" value="227e4b0e305dcdd85b6303871c1bc0e98cd7112d896c6beb5fcb0efd3ad6a54a"   />
      </digests>
    </library>
  </libraries>
  <files>
  </files>
</swc>
